{
  "Agent Login" : {
    "transaction" : "Agent Login",
    "sampleCount" : 50,
    "errorCount" : 0,
    "errorPct" : 0.0,
    "meanResTime" : 2325.2400000000002,
    "medianResTime" : 2445.0,
    "minResTime" : 301.0,
    "maxResTime" : 3739.0,
    "pct1ResTime" : 3470.5,
    "pct2ResTime" : 3555.6,
    "pct3ResTime" : 3739.0,
    "throughput" : 2.2150356620741594,
    "receivedKBytesPerSec" : 1.5120214138572632,
    "sentKBytesPerSec" : 0.6294681422495902
  },
  "System Virtual Money Creation" : {
    "transaction" : "System Virtual Money Creation",
    "sampleCount" : 1,
    "errorCount" : 0,
    "errorPct" : 0.0,
    "meanResTime" : 124.0,
    "medianResTime" : 124.0,
    "minResTime" : 124.0,
    "maxResTime" : 124.0,
    "pct1ResTime" : 124.0,
    "pct2ResTime" : 124.0,
    "pct3ResTime" : 124.0,
    "throughput" : 8.064516129032258,
    "receivedKBytesPerSec" : 2.811554939516129,
    "sentKBytesPerSec" : 5.81999747983871
  },
  "Deposit Agent To Customer 2" : {
    "transaction" : "Deposit Agent To Customer 2",
    "sampleCount" : 50,
    "errorCount" : 1,
    "errorPct" : 2.0,
    "meanResTime" : 1626.7400000000002,
    "medianResTime" : 1642.0,
    "minResTime" : 308.0,
    "maxResTime" : 3289.0,
    "pct1ResTime" : 2732.4,
    "pct2ResTime" : 2899.849999999999,
    "pct3ResTime" : 3289.0,
    "throughput" : 2.1942335542195113,
    "receivedKBytesPerSec" : 1.6741316320709176,
    "sentKBytesPerSec" : 1.6156758787905385
  },
  "Search Transaction By Transaction ID" : {
    "transaction" : "Search Transaction By Transaction ID",
    "sampleCount" : 50,
    "errorCount" : 0,
    "errorPct" : 0.0,
    "meanResTime" : 704.2,
    "medianResTime" : 438.5,
    "minResTime" : 56.0,
    "maxResTime" : 3112.0,
    "pct1ResTime" : 2048.6,
    "pct2ResTime" : 2577.049999999999,
    "pct3ResTime" : 3112.0,
    "throughput" : 2.3291563795593233,
    "receivedKBytesPerSec" : 1.4187837727675037,
    "sentKBytesPerSec" : 1.442075336563097
  },
  "Deposit System To Customer" : {
    "transaction" : "Deposit System To Customer",
    "sampleCount" : 1,
    "errorCount" : 0,
    "errorPct" : 0.0,
    "meanResTime" : 84.0,
    "medianResTime" : 84.0,
    "minResTime" : 84.0,
    "maxResTime" : 84.0,
    "pct1ResTime" : 84.0,
    "pct2ResTime" : 84.0,
    "pct3ResTime" : 84.0,
    "throughput" : 11.904761904761903,
    "receivedKBytesPerSec" : 4.917689732142857,
    "sentKBytesPerSec" : 8.696056547619047
  },
  "Transaction History" : {
    "transaction" : "Transaction History",
    "sampleCount" : 50,
    "errorCount" : 0,
    "errorPct" : 0.0,
    "meanResTime" : 892.9000000000002,
    "medianResTime" : 516.5,
    "minResTime" : 66.0,
    "maxResTime" : 2993.0,
    "pct1ResTime" : 2450.0,
    "pct2ResTime" : 2795.1499999999987,
    "pct3ResTime" : 2993.0,
    "throughput" : 2.2574382590636146,
    "receivedKBytesPerSec" : 7.894861223983024,
    "sentKBytesPerSec" : 1.4263306187638267
  },
  "Payment Customer 1 to Merchant" : {
    "transaction" : "Payment Customer 1 to Merchant",
    "sampleCount" : 50,
    "errorCount" : 0,
    "errorPct" : 0.0,
    "meanResTime" : 1333.26,
    "medianResTime" : 1167.0,
    "minResTime" : 366.0,
    "maxResTime" : 3024.0,
    "pct1ResTime" : 2733.4,
    "pct2ResTime" : 2823.5,
    "pct3ResTime" : 3024.0,
    "throughput" : 2.1869395967283385,
    "receivedKBytesPerSec" : 0.7655997135109128,
    "sentKBytesPerSec" : 1.5910839839478634
  },
  "Withdraw Customer 2 To Agent" : {
    "transaction" : "Withdraw Customer 2 To Agent",
    "sampleCount" : 50,
    "errorCount" : 0,
    "errorPct" : 0.0,
    "meanResTime" : 1189.86,
    "medianResTime" : 713.0,
    "minResTime" : 274.0,
    "maxResTime" : 3221.0,
    "pct1ResTime" : 2826.1,
    "pct2ResTime" : 2938.3999999999996,
    "pct3ResTime" : 3221.0,
    "throughput" : 2.20799293442261,
    "receivedKBytesPerSec" : 0.7436451203356149,
    "sentKBytesPerSec" : 1.6085573526164716
  },
  "Save all local data to global(Easily accessible from one thread group to another)" : {
    "transaction" : "Save all local data to global(Easily accessible from one thread group to another)",
    "sampleCount" : 1,
    "errorCount" : 0,
    "errorPct" : 0.0,
    "meanResTime" : 85.0,
    "medianResTime" : 85.0,
    "minResTime" : 85.0,
    "maxResTime" : 85.0,
    "pct1ResTime" : 85.0,
    "pct2ResTime" : 85.0,
    "pct3ResTime" : 85.0,
    "throughput" : 11.76470588235294,
    "receivedKBytesPerSec" : 0.0,
    "sentKBytesPerSec" : 0.0
  },
  "Send Money Customer 2 To Customer 1" : {
    "transaction" : "Send Money Customer 2 To Customer 1",
    "sampleCount" : 50,
    "errorCount" : 0,
    "errorPct" : 0.0,
    "meanResTime" : 1516.7199999999998,
    "medianResTime" : 1530.5,
    "minResTime" : 418.0,
    "maxResTime" : 3167.0,
    "pct1ResTime" : 2838.8,
    "pct2ResTime" : 2964.45,
    "pct3ResTime" : 3167.0,
    "throughput" : 2.181691247054717,
    "receivedKBytesPerSec" : 0.7543027042063007,
    "sentKBytesPerSec" : 1.5915267202635484
  },
  "Admin Login" : {
    "transaction" : "Admin Login",
    "sampleCount" : 1,
    "errorCount" : 0,
    "errorPct" : 0.0,
    "meanResTime" : 1348.0,
    "medianResTime" : 1348.0,
    "minResTime" : 1348.0,
    "maxResTime" : 1348.0,
    "pct1ResTime" : 1348.0,
    "pct2ResTime" : 1348.0,
    "pct3ResTime" : 1348.0,
    "throughput" : 0.741839762611276,
    "receivedKBytesPerSec" : 0.5042192136498516,
    "sentKBytesPerSec" : 0.20284681008902075
  },
  "Customer 2 Login" : {
    "transaction" : "Customer 2 Login",
    "sampleCount" : 50,
    "errorCount" : 0,
    "errorPct" : 0.0,
    "meanResTime" : 2255.7,
    "medianResTime" : 2305.0,
    "minResTime" : 294.0,
    "maxResTime" : 3684.0,
    "pct1ResTime" : 3467.3,
    "pct2ResTime" : 3550.15,
    "pct3ResTime" : 3684.0,
    "throughput" : 2.4235373951820076,
    "receivedKBytesPerSec" : 1.670915430662595,
    "sentKBytesPerSec" : 0.6792531566574572
  },
  "Create Customer" : {
    "transaction" : "Create Customer",
    "sampleCount" : 1,
    "errorCount" : 0,
    "errorPct" : 0.0,
    "meanResTime" : 427.0,
    "medianResTime" : 427.0,
    "minResTime" : 427.0,
    "maxResTime" : 427.0,
    "pct1ResTime" : 427.0,
    "pct2ResTime" : 427.0,
    "pct3ResTime" : 427.0,
    "throughput" : 2.34192037470726,
    "receivedKBytesPerSec" : 1.2121267564402811,
    "sentKBytesPerSec" : 1.9302546838407495
  },
  "Customer Login" : {
    "transaction" : "Customer Login",
    "sampleCount" : 50,
    "errorCount" : 0,
    "errorPct" : 0.0,
    "meanResTime" : 2219.68,
    "medianResTime" : 2278.5,
    "minResTime" : 418.0,
    "maxResTime" : 4505.0,
    "pct1ResTime" : 3567.7999999999997,
    "pct2ResTime" : 3982.9499999999985,
    "pct3ResTime" : 4505.0,
    "throughput" : 2.704749540192578,
    "receivedKBytesPerSec" : 1.864798022828086,
    "sentKBytesPerSec" : 0.7765589500162284
  },
  "Create Customer 2" : {
    "transaction" : "Create Customer 2",
    "sampleCount" : 1,
    "errorCount" : 0,
    "errorPct" : 0.0,
    "meanResTime" : 439.0,
    "medianResTime" : 439.0,
    "minResTime" : 439.0,
    "maxResTime" : 439.0,
    "pct1ResTime" : 439.0,
    "pct2ResTime" : 439.0,
    "pct3ResTime" : 439.0,
    "throughput" : 2.277904328018223,
    "receivedKBytesPerSec" : 1.150074743735763,
    "sentKBytesPerSec" : 1.8507972665148065
  },
  "Total" : {
    "transaction" : "Total",
    "sampleCount" : 509,
    "errorCount" : 1,
    "errorPct" : 0.19646366,
    "meanResTime" : 1486.8035363457768,
    "medianResTime" : 1383.0,
    "minResTime" : 56.0,
    "maxResTime" : 4505.0,
    "pct1ResTime" : 2983.0,
    "pct2ResTime" : 3360.0,
    "pct3ResTime" : 3677.2999999999984,
    "throughput" : 16.446411838831626,
    "receivedKBytesPerSec" : 13.524297281414585,
    "sentKBytesPerSec" : 9.308818792610424
  },
  "Create Merchant" : {
    "transaction" : "Create Merchant",
    "sampleCount" : 1,
    "errorCount" : 0,
    "errorPct" : 0.0,
    "meanResTime" : 336.0,
    "medianResTime" : 336.0,
    "minResTime" : 336.0,